{"id":1,"x":1.5521433353424072,"y":4.893184661865234,"z":-12.072772979736328}
