{"id":1,"x":6.375,"y":4.893184661865234,"z":-13.645999908447266}
2979736328}
