{"id":1,"x":4.668027877807617,"y":5.226734638214111,"z":-7.815632343292236}

